dishwasher.py,bath-tub-water-temperature.py,make-campfire.py,blood-type.py,sweep-floor.py,hang-painting.py
forge-key.py,plant-tree.py,volume-container.py,clean-energy.py,lit-lightbulb.py,boil-water.py
make-campfire.py,refrigerate-food.py,bath-tub-water-temperature.py,balance-scale-weigh.py,conductivity.py,metal-detector.py
cooking.py,cooking.py,cooking.py,space-walk.py,balance-scale-heaviest.py,sunburn.py
use-bandage.py,make-campfire.py,make-ice-cubes.py,sunburn.py,volume-stone.py,multimeter.py
lit-lightbulb.py,multimeter.py,conductivity.py,sunburn.py,sweep-floor.py,space-walk.py
make-campfire.py,take-photo.py,dishwasher.py,mix-paint.py,volume-container.py,volume-stone.py
sunburn.py,sunburn.py,sunburn.py,blood-type.py,volume-container.py,inclined-plane.py
volume.py,volume.py,volume.py,bird-life-cycle.py,plant-tree.py,volume-container.py
boil-water.py,wash-clothes.py,plant-tree.py,hang-painting.py,volume.py,conductivity.py
boil-water.py,take-photo.py,forge-key.py,volume.py,mix-paint.py,space-walk.py
volume-stone.py,take-photo.py,mix-paint.py,bird-life-cycle.py,bird-life-cycle.py,clean-energy.py
space-walk.py,forge-key.py,space-walk.py,thermometer.py,clean-energy.py,balance-scale-heaviest.py
metal-detector.py,plant-tree.py,metal-detector.py,thermometer.py,make-campfire.py,lit-lightbulb.py
space-walk.py,space-walk.py,space-walk.py,make-ice-cubes.py,sunburn.py,bird-life-cycle.py
volume.py,balance-scale-weigh.py,volume-stone.py,lit-lightbulb.py,metal-detector.py,bath-tub-water-temperature.py
