make-campfire.py,refrigerate-food.py,dishwasher.py,multimeter.py,clean-energy.py,volume-stone.py
make-ice-cubes.py,dishwasher.py,sweep-floor.py,lit-lightbulb.py,balance-scale-heaviest.py,boil-water.py
forge-key.py,balance-scale-weigh.py,use-bandage.py,space-walk.py,inclined-plane.py,bath-tub-water-temperature.py
balance-scale-weigh.py,make-ice-cubes.py,forge-key.py,conductivity.py,wash-clothes.py,volume-stone.py
volume-container.py,make-ice-cubes.py,use-bandage.py,take-photo.py,inclined-plane.py,refrigerate-food.py
sunburn.py,blood-type.py,make-ice-cubes.py,balance-scale-heaviest.py,bird-life-cycle.py,take-photo.py
bird-life-cycle.py,refrigerate-food.py,make-campfire.py,mix-paint.py,conductivity.py,forge-key.py
make-ice-cubes.py,make-campfire.py,bird-life-cycle.py,plant-tree.py,sunburn.py,thermometer.py
multimeter.py,thermometer.py,use-bandage.py,inclined-plane.py,conductivity.py,take-photo.py
make-campfire.py,refrigerate-food.py,make-ice-cubes.py,balance-scale-heaviest.py,scale-weigh.py,inclined-plane.py
plant-tree.py,hang-painting.py,volume.py,refrigerate-food.py,bath-tub-water-temperature.py,wash-clothes.py
cooking.py,forge-key.py,sweep-floor.py,take-photo.py,wash-clothes.py,conductivity.py
volume.py,volume-container.py,use-bandage.py,balance-scale-heaviest.py,space-walk.py,bath-tub-water-temperature.py
scale-weigh.py,hang-painting.py,forge-key.py,lit-lightbulb.py,volume-stone.py,bath-tub-water-temperature.py
sweep-floor.py,thermometer.py,cooking.py,space-walk.py,refrigerate-food.py,take-photo.py
multimeter.py,plant-tree.py,volume.py,take-photo.py,balance-scale-heaviest.py,space-walk.py
