forge-key.py,make-ice-cubes.py,refrigerate-food.py,plant-tree.py,bird-life-cycle.py,conductivity.py
bath-tub-water-temperature.py,plant-tree.py,volume-stone.py,make-campfire.py,volume.py,thermometer.py
make-campfire.py,wash-clothes.py,forge-key.py,take-photo.py,space-walk.py,inclined-plane.py
space-walk.py,metal-detector.py,sunburn.py,cooking.py,sweep-floor.py,make-ice-cubes.py
volume-container.py,bath-tub-water-temperature.py,make-campfire.py,mix-paint.py,make-ice-cubes.py,clean-energy.py
conductivity.py,lit-lightbulb.py,multimeter.py,volume-container.py,balance-scale-weigh.py,make-campfire.py
boil-water.py,make-campfire.py,bird-life-cycle.py,refrigerate-food.py,blood-type.py,conductivity.py
space-walk.py,bird-life-cycle.py,sunburn.py,boil-water.py,sweep-floor.py,bath-tub-water-temperature.py
conductivity.py,balance-scale-heaviest.py,volume-stone.py,metal-detector.py,take-photo.py,space-walk.py
forge-key.py,make-ice-cubes.py,boil-water.py,dishwasher.py,balance-scale-weigh.py,make-campfire.py
bath-tub-water-temperature.py,boil-water.py,volume-container.py,sunburn.py,sweep-floor.py,wash-clothes.py
wash-clothes.py,make-campfire.py,forge-key.py,volume-container.py,thermometer.py,lit-lightbulb.py
space-walk.py,metal-detector.py,sunburn.py,boil-water.py,multimeter.py,thermometer.py
make-campfire.py,hang-painting.py,plant-tree.py,blood-type.py,make-ice-cubes.py,take-photo.py
space-walk.py,bird-life-cycle.py,sunburn.py,volume-stone.py,balance-scale-weigh.py,take-photo.py
multimeter.py,balance-scale-weigh.py,balance-scale-heaviest.py,thermometer.py,hang-painting.py,cooking.py